turno,jugador,dinero_final_turno
1,ana,10000
5,ana,9860
9,ana,9640
13,ana,9640
17,ana,9684
21,ana,9684
25,ana,9684
29,ana,9684
33,ana,9684
37,ana,9424
41,ana,9168
45,ana,9098
49,ana,9058
53,ana,9058
57,ana,9022
61,ana,9074
65,ana,8754
69,ana,8818
73,ana,8798
77,ana,8798
81,ana,8758
85,ana,8758
89,ana,8822
93,ana,8822
97,ana,8850
101,ana,8814
105,ana,8814
109,ana,8878
113,ana,8930
117,ana,8918
121,ana,8918
125,ana,8878
129,ana,8878
133,ana,8882
137,ana,8926
141,ana,8926
145,ana,8882
149,ana,8882
153,ana,8882
157,ana,8870
161,ana,8850
165,ana,8810
169,ana,8854
173,ana,8854
177,ana,8918
181,ana,8906
185,ana,8906
189,ana,8906
193,ana,8906
197,ana,8890
201,ana,9014
205,ana,9014
209,ana,8986
213,ana,8950
217,ana,8958
221,ana,8982
225,ana,8982
229,ana,8902
233,ana,8918
237,ana,8918
241,ana,8874
245,ana,8874
249,ana,8874
253,ana,8874
257,ana,8902
261,ana,8926
265,ana,8886
269,ana,8886
273,ana,8886
277,ana,8886
281,ana,8930
285,ana,8954
289,ana,8910
293,ana,8910
297,ana,8840
301,ana,8800
305,ana,8844
309,ana,8916
313,ana,8916
317,ana,8916
321,ana,8896
325,ana,8884
329,ana,8884
333,ana,8844
337,ana,8856
341,ana,8856
345,ana,8832
349,ana,8800
353,ana,8784
357,ana,8784
361,ana,8744
365,ana,8732
369,ana,8732
373,ana,8688
377,ana,8688
381,ana,8628
385,ana,8616
389,ana,8656
393,ana,8720
397,ana,8680
2,bob,9800
6,bob,9800
10,bob,9800
14,bob,9620
18,bob,9340
22,bob,9396
26,bob,9336
30,bob,9328
34,bob,9328
38,bob,9364
42,bob,9014
46,bob,9084
50,bob,9024
54,bob,8844
58,bob,8832
62,bob,8832
66,bob,8768
70,bob,8768
74,bob,8768
78,bob,8768
82,bob,8756
86,bob,8762
90,bob,8818
94,bob,8814
98,bob,8774
102,bob,8758
106,bob,8758
110,bob,8758
114,bob,8758
118,bob,8742
122,bob,8742
126,bob,8730
130,bob,8746
134,bob,8746
138,bob,8722
142,bob,8682
146,bob,8642
150,bob,8642
154,bob,8642
158,bob,8642
162,bob,8630
166,bob,8642
170,bob,8642
174,bob,8630
178,bob,8630
182,bob,8630
186,bob,8650
190,bob,8610
194,bob,8622
198,bob,8558
202,bob,8586
206,bob,8636
210,bob,8636
214,bob,8620
218,bob,8556
222,bob,8556
226,bob,8576
230,bob,8548
234,bob,8504
238,bob,8560
242,bob,8686
246,bob,8646
250,bob,8646
254,bob,8618
258,bob,8574
262,bob,8574
266,bob,8494
270,bob,8506
274,bob,8474
278,bob,8462
282,bob,8402
286,bob,8438
290,bob,8438
294,bob,8458
298,bob,8568
302,bob,8600
306,bob,8540
310,bob,8540
314,bob,8540
318,bob,8520
322,bob,8532
326,bob,8532
330,bob,8532
334,bob,8532
338,bob,8602
342,bob,8574
346,bob,8574
350,bob,8534
354,bob,8534
358,bob,8534
362,bob,8494
366,bob,8494
370,bob,8494
374,bob,8494
378,bob,8414
382,bob,8414
386,bob,8386
390,bob,8378
394,bob,8318
398,bob,8238
3,carla,10000
7,carla,9880
11,carla,9880
15,carla,9836
19,carla,9780
23,carla,9580
27,carla,9608
31,carla,9608
35,carla,9608
39,carla,9564
43,carla,9564
47,carla,9164
51,carla,9104
55,carla,9104
59,carla,9052
63,carla,9052
67,carla,9032
71,carla,8832
75,carla,8572
79,carla,8272
83,carla,8202
87,carla,8142
91,carla,8122
95,carla,8118
99,carla,7938
103,carla,7990
107,carla,7926
111,carla,7926
115,carla,7926
119,carla,7894
123,carla,7922
127,carla,7958
131,carla,7934
135,carla,7994
139,carla,7998
143,carla,8038
147,carla,8162
151,carla,8162
155,carla,8162
159,carla,8174
163,carla,8198
167,carla,8198
171,carla,8238
175,carla,8198
179,carla,8198
183,carla,8190
187,carla,8190
191,carla,8242
195,carla,8202
199,carla,8202
203,carla,8144
207,carla,8104
211,carla,8172
215,carla,8172
219,carla,8176
223,carla,8176
227,carla,8176
231,carla,8284
235,carla,8340
239,carla,8284
243,carla,8328
247,carla,8408
251,carla,8408
255,carla,8448
259,carla,8428
263,carla,8468
267,carla,8596
271,carla,8588
275,carla,8548
279,carla,8504
283,carla,8504
287,carla,8556
291,carla,8640
295,carla,8720
299,carla,8684
303,carla,8684
307,carla,8624
311,carla,8624
315,carla,8664
319,carla,8704
323,carla,8676
327,carla,8704
331,carla,8744
335,carla,8674
339,carla,8702
343,carla,8742
347,carla,8778
351,carla,8818
355,carla,8862
359,carla,8902
363,carla,8922
367,carla,8966
371,carla,8946
375,carla,8950
379,carla,9082
383,carla,9142
387,carla,9194
391,carla,9162
395,carla,9222
399,carla,9250
4,diego,9900
8,diego,9740
12,diego,9740
16,diego,9500
20,diego,9500
24,diego,9460
28,diego,9448
32,diego,9480
36,diego,9444
40,diego,9444
44,diego,9444
48,diego,9364
52,diego,9364
56,diego,9364
60,diego,9212
64,diego,9212
68,diego,9232
72,diego,9232
76,diego,9252
80,diego,9216
84,diego,9304
88,diego,9248
92,diego,9248
96,diego,9248
100,diego,9248
104,diego,9248
108,diego,9248
112,diego,9196
116,diego,9196
120,diego,9228
124,diego,9188
128,diego,9188
132,diego,8988
136,diego,8944
140,diego,8964
144,diego,8884
148,diego,8924
152,diego,8924
156,diego,8924
160,diego,8880
164,diego,8876
168,diego,8876
172,diego,8864
176,diego,8864
180,diego,8864
184,diego,8864
188,diego,8812
192,diego,8796
196,diego,8836
200,diego,8796
204,diego,8796
208,diego,8816
212,diego,8816
216,diego,8816
220,diego,8856
224,diego,8856
228,diego,8848
232,diego,8848
236,diego,8792
240,diego,8722
244,diego,8682
248,diego,8682
252,diego,8642
256,diego,8642
260,diego,8642
264,diego,8582
268,diego,8610
272,diego,8630
276,diego,8666
280,diego,8714
284,diego,8662
288,diego,8602
292,diego,8522
296,diego,8482
300,diego,8482
304,diego,8482
308,diego,8482
312,diego,8478
316,diego,8438
320,diego,8430
324,diego,8450
328,diego,8450
332,diego,8450
336,diego,8438
340,diego,8438
344,diego,8426
348,diego,8426
352,diego,8430
356,diego,8390
360,diego,8390
364,diego,8390
368,diego,8390
372,diego,8426
376,diego,8426
380,diego,8426
384,diego,8386
388,diego,8334
392,diego,8350
396,diego,8350
400,diego,8390
